Location,Title,Lot
Freezer NEW,Loral,2017 YCH P91-BBULOR2324
Freezer NEW,Contessa,2018 Steiner p-643-18
Freezer NEW,Cryo Centennial,2018 YCH LP1-BJUCEN3061
Freezer NEW,Amarillo,2018 YCH P91-BLUVG13234
Freezer NEW,Huell Melon,2019 BSG 191MEL44
Freezer NEW,Hallertau Blanc (GR),2019 BSG 19H1B1C44
Freezer NEW,Amarillo,2019 BSG 19V6AMA44
Freezer NEW,NO CHARGE HOPS,2019 BSG Tettnang  19H1GTE44 8-6-20
Freezer NEW,Warrior,2019 WVH I-91058
Freezer NEW,Amarillo,2019 YCH  P91-BLUVG13234
Freezer NEW,Hallertau Blanc (GR),2019 YCH 19-399
Freezer NEW,Centennial,2019 YCH P91-DUCEN4047
Freezer NEW,Loral,2019 YCH P91-DULOR4342
Freezer NEW,Pink Boots Blend,2019 YCH p91-dupbb4434
Freezer NEW,Simcoe,2019 YCH P92-DUSIM9302  7-2
Freezer NEW,Wakatu,2020 BSG  20N1WAK44
Freezer NEW,El Dorado,2020 BSG 20F1ELD11
Freezer NEW,Hallertau Mittelfruh (GR),2020 BSG 20H1GHM44
Freezer NEW,Triumph,2020 BSG 20Z1TRI11
Freezer NEW,Lotus,2020 STEINER P05601504
Freezer NEW,Mandarina Bavaria (GR),2020 WVH 20-080
Freezer NEW,Ekuanot,2020 WVH I-00946-1
Freezer NEW,Citra,2020 WVH I-01177-1
Freezer NEW,Ella (AUS),2020 WVH TV152
Freezer NEW,Simcoe,2020 YCH P91-EUSIM5227
Freezer NEW,Cryo Ekuanot,2020 YCH PC1-EUEKU7079
Freezer NEW,Strata,2021 Crosby 2019
Freezer NEW,Lemondrop,2021 Hopsteiner M21P0002
Freezer NEW,Cascade,2021 Steiner P-0729-19S
Freezer NEW,Bru-1,2021 WVH I-10034-1
Freezer NEW,Mosaic,2021 WVH I-10106-1
Freezer NEW,Galaxy (AUS),2021 WVH TW 140
Freezer NEW,NO CHARGE HOPS,BELMA 2020 Crosby Lot 1848
Freezer NEW,Idaho 7,BSG 20J1IDA11
Freezer NEW,Idaho 7,Crosby 21 2116
Freezer NEW,NO CHARGE HOPS,IDAHO CRYO 2019 PC1DUID76090
Freezer NEW,NO CHARGE HOPS,LORAL CRYO 2020 PC1-EULOR7132
Freezer NEW,Bravo,Steiner 21 21PO471
Freezer NEW,Mosaic,WVH 2021 I-10106-1
Freezer NEW,Idaho 7,YCH 2020 P91-EUDID75385
Freezer NEW,Simcoe,YCH 2020 P91-EUSIM5227

